[
  {
    "book": "Gênesis",
    "abbrev": "gn",
    "chapters": [
      {
        "number": 1,
        "verses": [
          {
            "number": 1,
            "text": "No princípio Deus criou os céus e a terra."
          },
          {
            "number": 2,
            "text": "Era a terra sem forma e vazia; havia trevas sobre a face do abismo, e o Espírito de Deus pairava sobre as águas."
          },
          {
            "number": 3,
            "text": "Disse Deus: \"Haja luz\", e houve luz."
          }
        ]
      },
      {
        "number": 2,
        "verses": [
          {
            "number": 1,
            "text": "Assim foram concluídos os céus e a terra, e tudo o que neles há."
          }
        ]
      }
    ]
  }
]